<?xml version="1.0" encoding="ISO-8859-1"?>
<StyledLayerDescriptor version="1.0.0"
                       xsi:schemaLocation="http://www.opengis.net/sld StyledLayerDescriptor.xsd"
                       xmlns="http://www.opengis.net/sld"
                       xmlns:ogc="http://www.opengis.net/ogc"
                       xmlns:xlink="http://www.w3.org/1999/xlink"
                       xmlns:xsi="http://www.w3.org/2001/XMLSchema-instance">
  <NamedLayer>
    <Name>Attribute-based polygon</Name>
    <UserStyle>
      <Title>Infected per 100k inhab (7days)</Title>
      <FeatureTypeStyle>
        <Rule>
          <Name>No infections</Name>
          <Title>0 infections</Title>
          <ogc:Filter>
            <ogc:PropertyIsLessThan>
              <ogc:PropertyName>SiebenTageInzidenzFaelle</ogc:PropertyName>
              <ogc:Literal>0</ogc:Literal>
            </ogc:PropertyIsLessThan>
          </ogc:Filter>
          <PolygonSymbolizer>
            <Fill>
              <CssParameter name="fill">#00ba2b</CssParameter>
            </Fill>
          </PolygonSymbolizer>
        </Rule>
        <Rule>
          <Name>0 - 5 infections</Name>
          <Title>0 - 5 infections</Title>
          <ogc:Filter>
            <ogc:And>
              <ogc:PropertyIsGreaterThanOrEqualTo>
                <ogc:PropertyName>SiebenTageInzidenzFaelle</ogc:PropertyName>
                <ogc:Literal>1</ogc:Literal>
              </ogc:PropertyIsGreaterThanOrEqualTo>
              <ogc:PropertyIsLessThan>
                <ogc:PropertyName>SiebenTageInzidenzFaelle</ogc:PropertyName>
                <ogc:Literal>5</ogc:Literal>
              </ogc:PropertyIsLessThan>
            </ogc:And>
          </ogc:Filter>
          <PolygonSymbolizer>
            <Fill>
              <CssParameter name="fill">#f0e80a</CssParameter>
            </Fill>
          </PolygonSymbolizer>
        </Rule>
        <Rule>
          <Name>5 - 25 infections</Name>
          <Title>5 - 25 infections</Title>
          <ogc:Filter>
            <ogc:And>
              <ogc:PropertyIsGreaterThanOrEqualTo>
                <ogc:PropertyName>SiebenTageInzidenzFaelle</ogc:PropertyName>
                <ogc:Literal>5</ogc:Literal>
              </ogc:PropertyIsGreaterThanOrEqualTo>
              <ogc:PropertyIsLessThan>
                <ogc:PropertyName>SiebenTageInzidenzFaelle</ogc:PropertyName>
                <ogc:Literal>25</ogc:Literal>
              </ogc:PropertyIsLessThan>
            </ogc:And>
          </ogc:Filter>
          <PolygonSymbolizer>
            <Fill>
              <CssParameter name="fill">#ffcc41</CssParameter>
            </Fill>
          </PolygonSymbolizer>
        </Rule>
        <Rule>
          <Name>25 - 50 infections</Name>
          <Title>25 - 50 infections</Title>
          <ogc:Filter>
            <ogc:And>
              <ogc:PropertyIsGreaterThanOrEqualTo>
                <ogc:PropertyName>SiebenTageInzidenzFaelle</ogc:PropertyName>
                <ogc:Literal>25</ogc:Literal>
              </ogc:PropertyIsGreaterThanOrEqualTo>
              <ogc:PropertyIsLessThan>
                <ogc:PropertyName>SiebenTageInzidenzFaelle</ogc:PropertyName>
                <ogc:Literal>50</ogc:Literal>
              </ogc:PropertyIsLessThan>
            </ogc:And>
          </ogc:Filter>
          <PolygonSymbolizer>
            <Fill>
              <CssParameter name="fill">#ffa641</CssParameter>
            </Fill>
          </PolygonSymbolizer>
        </Rule>
        <Rule>
          <Name>50 - 100 infections</Name>
          <Title>50 - 100 infections</Title>
          <ogc:Filter>
            <ogc:And>
              <ogc:PropertyIsGreaterThanOrEqualTo>
                <ogc:PropertyName>SiebenTageInzidenzFaelle</ogc:PropertyName>
                <ogc:Literal>50</ogc:Literal>
              </ogc:PropertyIsGreaterThanOrEqualTo>
              <ogc:PropertyIsLessThan>
                <ogc:PropertyName>SiebenTageInzidenzFaelle</ogc:PropertyName>
                <ogc:Literal>100</ogc:Literal>
              </ogc:PropertyIsLessThan>
            </ogc:And>
          </ogc:Filter>
          <PolygonSymbolizer>
            <Fill>
              <CssParameter name="fill">#ff7d41</CssParameter>
            </Fill>
          </PolygonSymbolizer>
        </Rule>
        <Rule>
          <Name>100 - 250 infections</Name>
          <Title>100 - 250 infections</Title>
          <ogc:Filter>
            <ogc:And>
              <ogc:PropertyIsGreaterThanOrEqualTo>
                <ogc:PropertyName>SiebenTageInzidenzFaelle</ogc:PropertyName>
                <ogc:Literal>100</ogc:Literal>
              </ogc:PropertyIsGreaterThanOrEqualTo>
              <ogc:PropertyIsLessThan>
                <ogc:PropertyName>SiebenTageInzidenzFaelle</ogc:PropertyName>
                <ogc:Literal>250</ogc:Literal>
              </ogc:PropertyIsLessThan>
            </ogc:And>
          </ogc:Filter>
          <PolygonSymbolizer>
            <Fill>
              <CssParameter name="fill">#ff0000</CssParameter>
            </Fill>
          </PolygonSymbolizer>
        </Rule>
        <Rule>
          <Name>250 - 500 infections</Name>
          <Title>250 - 500 infections</Title>
          <ogc:Filter>
            <ogc:And>
              <ogc:PropertyIsGreaterThanOrEqualTo>
                <ogc:PropertyName>SiebenTageInzidenzFaelle</ogc:PropertyName>
                <ogc:Literal>250</ogc:Literal>
              </ogc:PropertyIsGreaterThanOrEqualTo>
              <ogc:PropertyIsLessThan>
                <ogc:PropertyName>SiebenTageInzidenzFaelle</ogc:PropertyName>
                <ogc:Literal>500</ogc:Literal>
              </ogc:PropertyIsLessThan>
            </ogc:And>
          </ogc:Filter>
          <PolygonSymbolizer>
            <Fill>
              <CssParameter name="fill">#d40000</CssParameter>
            </Fill>
          </PolygonSymbolizer>
        </Rule>
        <Rule>
          <Name>+500 infections</Name>
          <Title>+500 infections</Title>
          <ogc:Filter>
            <ogc:PropertyIsGreaterThan>
              <ogc:PropertyName>SiebenTageInzidenzFaelle</ogc:PropertyName>
              <ogc:Literal>500</ogc:Literal>
            </ogc:PropertyIsGreaterThan>
          </ogc:Filter>
          <PolygonSymbolizer>
            <Fill>
              <CssParameter name="fill">#b30000</CssParameter>
            </Fill>
          </PolygonSymbolizer>
        </Rule>
      </FeatureTypeStyle>
    </UserStyle>
  </NamedLayer>
</StyledLayerDescriptor>
