<?xml version="1.0" encoding="ISO-8859-1"?>
<StyledLayerDescriptor version="1.0.0" 
                       xsi:schemaLocation="http://www.opengis.net/sld StyledLayerDescriptor.xsd" 
                       xmlns="http://www.opengis.net/sld" 
                       xmlns:ogc="http://www.opengis.net/ogc" 
                       xmlns:xlink="http://www.w3.org/1999/xlink" 
                       xmlns:xsi="http://www.w3.org/2001/XMLSchema-instance">
  <NamedLayer>
    <Name>Attribute-based polygon</Name>
    <UserStyle>
      <Title>Current cases:</Title>
      <FeatureTypeStyle>
        <Rule>
          <Name>Outdated data</Name>
          <Title>Outdated data</Title>
          <ogc:Filter>
            <ogc:PropertyIsNotEqualTo>
              <ogc:PropertyName>case</ogc:PropertyName>
              <ogc:Literal>ok</ogc:Literal>
            </ogc:PropertyIsNotEqualTo>
          </ogc:Filter>
          <PolygonSymbolizer>
            <Fill>
              <CssParameter name="fill">#ffffff</CssParameter>
            </Fill>
          </PolygonSymbolizer>
        </Rule>
        <Rule>
          <Name>No cases</Name>
          <Title>0 cases</Title>
          <ogc:Filter>
            <ogc:PropertyIsLessThan>
              <ogc:PropertyName>current_cases</ogc:PropertyName>
              <ogc:Literal>0</ogc:Literal>
            </ogc:PropertyIsLessThan>
          </ogc:Filter>
          <PolygonSymbolizer>
            <Fill>
              <CssParameter name="fill">#00ba2b</CssParameter>
            </Fill>
          </PolygonSymbolizer>
        </Rule>
        <Rule>
          <Name>1 - 1000 cases</Name>
          <Title>1 - 10000 cases</Title>
          <ogc:Filter>
            <ogc:And>
              <ogc:PropertyIsGreaterThanOrEqualTo>
                <ogc:PropertyName>current_cases</ogc:PropertyName>
                <ogc:Literal>1</ogc:Literal>
              </ogc:PropertyIsGreaterThanOrEqualTo>
              <ogc:PropertyIsLessThan>
                <ogc:PropertyName>current_cases</ogc:PropertyName>
                <ogc:Literal>1000</ogc:Literal>
              </ogc:PropertyIsLessThan>
            </ogc:And>
          </ogc:Filter>
          <PolygonSymbolizer>
            <Fill>
              <CssParameter name="fill">#f0e80a</CssParameter>
            </Fill>
          </PolygonSymbolizer>
        </Rule>
        <Rule>
          <Name>1000 - 10000 cases</Name>
          <Title>1000 - 10000 cases</Title>
          <ogc:Filter>
            <ogc:And>
              <ogc:PropertyIsGreaterThanOrEqualTo>
                <ogc:PropertyName>current_cases</ogc:PropertyName>
                <ogc:Literal>1001</ogc:Literal>
              </ogc:PropertyIsGreaterThanOrEqualTo>
              <ogc:PropertyIsLessThan>
                <ogc:PropertyName>current_cases</ogc:PropertyName>
                <ogc:Literal>10000</ogc:Literal>
              </ogc:PropertyIsLessThan>
            </ogc:And>
          </ogc:Filter>
          <PolygonSymbolizer>
            <Fill>
              <CssParameter name="fill">#ffcc41</CssParameter>
            </Fill>
          </PolygonSymbolizer>
        </Rule>
        <Rule>
          <Name>10000 - 30000 cases</Name>
          <Title>10000 - 30000 cases</Title>
          <ogc:Filter>
            <ogc:And>
              <ogc:PropertyIsGreaterThanOrEqualTo>
                <ogc:PropertyName>current_cases</ogc:PropertyName>
                <ogc:Literal>10001</ogc:Literal>
              </ogc:PropertyIsGreaterThanOrEqualTo>
              <ogc:PropertyIsLessThan>
                <ogc:PropertyName>current_cases</ogc:PropertyName>
                <ogc:Literal>30000</ogc:Literal>
              </ogc:PropertyIsLessThan>
            </ogc:And>
          </ogc:Filter>
          <PolygonSymbolizer>
            <Fill>
              <CssParameter name="fill">#ffa641</CssParameter>
            </Fill>
          </PolygonSymbolizer>
        </Rule>
        <Rule>
          <Name>30000 - 50000 cases</Name>
          <Title>30000 - 50000 cases</Title>
          <ogc:Filter>
            <ogc:And>
              <ogc:PropertyIsGreaterThanOrEqualTo>
                <ogc:PropertyName>current_cases</ogc:PropertyName>
                <ogc:Literal>30001</ogc:Literal>
              </ogc:PropertyIsGreaterThanOrEqualTo>
              <ogc:PropertyIsLessThan>
                <ogc:PropertyName>current_cases</ogc:PropertyName>
                <ogc:Literal>50000</ogc:Literal>
              </ogc:PropertyIsLessThan>
            </ogc:And>
          </ogc:Filter>
          <PolygonSymbolizer>
            <Fill>
              <CssParameter name="fill">#ff7d41</CssParameter>
            </Fill>
          </PolygonSymbolizer>
        </Rule>
        <Rule>
          <Name>50000 - 100000 cases</Name>
          <Title>50000 - 100000 cases</Title>
          <ogc:Filter>
            <ogc:And>
              <ogc:PropertyIsGreaterThanOrEqualTo>
                <ogc:PropertyName>current_cases</ogc:PropertyName>
                <ogc:Literal>50001</ogc:Literal>
              </ogc:PropertyIsGreaterThanOrEqualTo>
              <ogc:PropertyIsLessThan>
                <ogc:PropertyName>current_cases</ogc:PropertyName>
                <ogc:Literal>100000</ogc:Literal>
              </ogc:PropertyIsLessThan>
            </ogc:And>
          </ogc:Filter>
          <PolygonSymbolizer>
            <Fill>
              <CssParameter name="fill">#ff0000</CssParameter>
            </Fill>
          </PolygonSymbolizer>
        </Rule>
        <Rule>
          <Name>100000 - 250000 cases</Name>
          <Title>100000 - 250000 cases</Title>
          <ogc:Filter>
            <ogc:And>
              <ogc:PropertyIsGreaterThanOrEqualTo>
                <ogc:PropertyName>current_cases</ogc:PropertyName>
                <ogc:Literal>100001</ogc:Literal>
              </ogc:PropertyIsGreaterThanOrEqualTo>
              <ogc:PropertyIsLessThan>
                <ogc:PropertyName>current_cases</ogc:PropertyName>
                <ogc:Literal>250000</ogc:Literal>
              </ogc:PropertyIsLessThan>
            </ogc:And>
          </ogc:Filter>
          <PolygonSymbolizer>
            <Fill>
              <CssParameter name="fill">#d40000</CssParameter>
            </Fill>
          </PolygonSymbolizer>
        </Rule>
        <Rule>
          <Name>250000 - 350000 cases</Name>
          <Title>250000 - 350000 cases</Title>
          <ogc:Filter>
            <ogc:And>
              <ogc:PropertyIsGreaterThanOrEqualTo>
                <ogc:PropertyName>current_cases</ogc:PropertyName>
                <ogc:Literal>250001</ogc:Literal>
              </ogc:PropertyIsGreaterThanOrEqualTo>
              <ogc:PropertyIsLessThan>
                <ogc:PropertyName>current_cases</ogc:PropertyName>
                <ogc:Literal>350000</ogc:Literal>
              </ogc:PropertyIsLessThan>
            </ogc:And>
          </ogc:Filter>
          <PolygonSymbolizer>
            <Fill>
              <CssParameter name="fill">#b30000</CssParameter>
            </Fill>
          </PolygonSymbolizer>
        </Rule>
        <Rule>
          <Name>350000+ cases</Name>
          <Title>350000+ cases</Title>
          <ogc:Filter>
            <ogc:PropertyIsGreaterThan>
              <ogc:PropertyName>current_cases</ogc:PropertyName>
              <ogc:Literal>350001</ogc:Literal>
            </ogc:PropertyIsGreaterThan>
          </ogc:Filter>
          <PolygonSymbolizer>
            <Fill>
              <CssParameter name="fill">#8c0000</CssParameter>
            </Fill>
          </PolygonSymbolizer>
        </Rule>
      </FeatureTypeStyle>
    </UserStyle>
  </NamedLayer>
</StyledLayerDescriptor>